{
    "24:de:c6:e4:c4:e4:": {
        "lat": 3.139,
        "lng": 101.687
    },
    "24:de:c6:e4:c9:64:": {
        "lat": 3.139,
        "lng": 101.687
    },
    "24:de:c6:e4:c4:90:": {
        "lat": 3.139,
        "lng": 101.687
    },
    "24:de:c6:e4:d2:54:": {
        "lat": 3.139,
        "lng": 101.687
    },
    "24:de:c6:e4:c4:f4:": {
        "lat": 3.139,
        "lng": 101.687
    },
    "24:de:c6:e4:c9:74:": {
        "lat": 3.139,
        "lng": 101.687
    },
    "18:64:72:b9:91:54:": {
        "lat": 3.139,
        "lng": 101.687
    },
    "24:de:c6:e4:c5:e4:": {
        "lat": 3.139,
        "lng": 101.687
    },
    "18:64:72:b9:91:44:": {
        "lat": 3.139,
        "lng": 101.687
    },
    "18:64:72:b9:84:64:": {
        "lat": 3.139,
        "lng": 101.687
    },
    "c6:97:b8:ac:88:79:": {
        "lat": 3.139,
        "lng": 101.687
    },
    "24:de:c6:e4:c9:60:": {
        "lat": 3.139,
        "lng": 101.687
    },
    "24:de:c6:e4:c9:70:": {
        "lat": 3.139,
        "lng": 101.687
    },
    "26:90:10:c1:17:68:": {
        "lat": 3.139,
        "lng": 101.687
    },
    "44:d1:fa:60:9b:4e:": {
        "lat": 3.139,
        "lng": 101.687
    },
    "b0:95:75:70:ac:3f:": {
        "lat": 3.139,
        "lng": 101.687
    },
    "b6:fe:8b:17:84:05:": {
        "lat": 3.139,
        "lng": 101.687
    },
    "be:7f:d7:70:6d:8e:": {
        "lat": 3.139,
        "lng": 101.687
    }
}